"","age","edu","gend","inc","ideology","gccrsk","envconcern","gcc"
"1",70,3,0,3,7,10,5,1
"2",35,2,0,3,4,7,5,1
"3",51,3,0,7,4,9,10,1
"4",75,3,1,8,2,10,10,1
"5",39,4,0,10,4,8,10,1
"6",19,3,1,3,4,8,10,1
"7",61,3,0,2,4,8,5,1
"8",79,4,1,21,3,6,9,1
"9",34,3,0,5,4,6,6,1
"10",41,4,1,7,4,4,6,0
"11",31,2,1,6,3,9,6,1
"12",46,6,1,12,3,5,8,1
"13",73,6,1,10,7,3,4,0
"14",54,3,1,6,5,5,9,0
"15",68,4,1,7,3,7,4,1
"16",47,4,1,12,6,7,7,1
"17",22,4,0,5,4,3,4,0
"18",56,5,1,1,1,10,10,1
"19",52,3,1,5,6,3,6,0
"20",35,4,0,7,3,5,6,1
"21",56,2,1,3,4,8,5,1
"22",49,6,0,3,5,7,7,1
"23",51,6,0,6,4,2,6,0
"24",57,3,0,2,2,8,8,1
"25",44,3,1,1,1,4,3,0
"26",27,4,0,6,6,7,10,1
"27",58,3,1,13,6,7,5,1
"28",74,4,0,5,6,5,4,1
"29",47,2,0,4,6,5,3,0
"30",34,4,0,6,1,6,10,1
"31",69,3,1,4,6,2,1,0
"32",43,3,1,5,4,10,7,1
"33",44,6,1,10,3,9,10,1
"34",50,4,0,3,2,7,10,1
"35",54,4,1,14,3,8,9,1
"36",32,3,0,7,4,7,7,1
"37",38,3,1,2,4,5,0,1
"38",61,3,0,3,7,5,7,0
"39",22,2,0,2,3,10,9,0
"40",20,2,1,2,4,6,9,1
"41",28,4,1,7,2,5,9,0
"42",60,2,0,5,6,9,10,1
"43",46,4,1,6,4,3,7,0
"44",20,2,0,7,4,4,2,0
"45",54,3,1,3,4,9,9,1
"46",49,3,1,6,5,8,10,1
"47",28,2,0,5,6,0,0,0
"48",55,7,0,1,4,8,10,1
"49",42,4,1,4,4,7,8,1
"50",35,3,1,7,6,6,4,0
"52",73,4,1,6,4,10,7,1
"53",42,3,1,8,5,7,4,1
"54",39,5,0,6,2,8,9,1
"55",40,2,0,1,4,6,8,1
"56",65,2,0,9,4,8,9,1
"57",52,4,1,4,1,10,8,1
"58",29,4,0,5,2,7,0,1
"59",64,6,1,6,2,10,8,1
"60",72,3,0,6,2,7,7,1
"61",45,6,0,6,3,10,9,1
"62",57,4,0,1,2,7,9,1
"63",30,6,0,7,3,7,10,1
"64",24,5,0,10,6,3,7,0
"65",45,6,1,10,2,8,10,1
"66",69,6,1,9,5,6,8,0
"67",52,4,1,2,2,4,7,1
"69",68,4,1,16,6,1,1,0
"70",71,3,0,5,3,6,6,1
"71",34,4,0,7,4,10,10,1
"72",20,3,0,1,1,10,10,1
"73",77,3,0,9,6,5,6,1
"74",45,4,0,12,1,9,10,1
"75",54,4,1,4,5,8,5,1
"76",37,4,1,12,4,5,7,1
"77",78,7,1,3,6,8,6,1
"78",28,2,1,3,4,10,9,1
"79",65,6,1,21,5,3,3,1
"80",22,3,1,12,6,3,2,0
"81",62,6,1,6,6,3,7,0
"82",50,4,1,9,4,5,7,1
"83",76,3,0,5,2,10,8,1
"84",27,3,0,3,4,5,10,1
"85",27,3,0,3,5,10,3,1
"86",20,3,0,2,3,9,10,1
"87",34,3,0,7,1,8,7,1
"88",54,4,1,5,6,5,6,0
"89",60,6,1,13,6,6,10,1
"90",34,2,1,5,4,7,10,1
"91",60,3,0,6,6,10,10,1
"92",75,5,1,6,6,6,7,0
"93",30,4,0,6,2,7,5,0
"94",22,4,1,2,5,9,10,1
"95",27,3,0,5,6,7,5,1
"96",75,7,0,5,1,9,8,1
"97",59,4,1,1,1,9,10,1
"98",26,4,1,4,3,6,7,1
"99",31,4,1,15,2,7,8,1
"100",65,3,1,3,4,5,3,0
"102",55,4,1,18,4,2,6,0
"103",42,3,1,4,1,10,1,1
"104",50,4,1,8,5,9,10,1
"105",25,3,0,6,6,5,9,0
"106",43,5,1,6,5,6,8,1
"107",22,5,0,9,2,9,7,1
"108",50,3,0,8,4,8,7,1
"109",49,4,0,2,4,10,8,1
"110",75,5,1,6,6,3,3,0
"111",20,3,0,8,3,5,6,0
"112",31,2,1,2,3,5,5,1
"113",67,6,1,12,2,10,8,1
"114",51,2,0,1,4,10,10,0
"115",57,6,0,9,3,5,6,0
"116",80,4,1,4,6,6,6,1
"117",47,6,0,7,3,7,8,1
"118",69,6,1,1,3,5,4,0
"119",55,3,1,5,5,7,6,0
"120",55,4,0,11,2,5,6,1
"121",76,4,1,3,2,8,8,0
"122",58,5,1,21,7,5,4,0
"123",38,4,0,12,4,8,7,1
"124",29,6,0,4,5,4,9,1
"125",30,3,1,2,4,7,9,1
"126",29,3,0,7,4,8,9,0
"127",83,4,0,6,2,7,4,1
"128",65,6,0,9,3,8,9,1
"129",20,3,0,6,3,7,6,1
"130",52,3,1,1,7,10,10,1
"131",63,1,0,1,6,5,10,0
"132",58,4,0,8,7,1,0,0
"133",26,3,0,2,4,6,0,1
"134",30,6,0,7,1,2,0,0
"135",26,4,0,12,2,10,10,1
"136",60,4,1,2,4,6,9,1
"137",56,6,0,3,2,7,7,0
"138",44,6,1,20,4,7,7,1
"139",30,3,0,4,1,10,10,1
"140",73,2,0,3,4,5,6,1
"141",61,3,1,10,7,2,2,0
"143",24,4,1,1,5,10,7,1
"144",23,3,0,2,2,7,7,1
"145",54,4,1,1,4,5,1,0
"146",70,4,1,10,5,7,6,1
"147",64,4,1,7,4,7,8,1
"148",26,4,0,3,2,8,7,1
"149",47,4,1,5,3,10,8,1
"150",29,2,0,1,1,10,10,1
"151",55,3,0,12,2,7,9,1
"152",23,4,1,6,4,8,9,1
"153",69,6,1,20,6,5,5,0
"154",30,3,0,4,5,10,10,1
"155",28,2,1,2,4,3,6,0
"156",32,3,0,3,4,6,8,1
"157",34,5,0,14,3,10,10,1
"158",62,3,1,2,7,1,6,0
"160",58,4,0,6,2,8,8,1
"161",61,2,0,7,4,5,6,1
"162",36,6,0,4,4,5,5,0
"163",55,4,0,10,5,6,5,0
"164",62,6,1,4,4,10,9,1
"165",42,3,1,4,4,9,8,1
"166",32,2,0,1,6,5,5,1
"167",42,2,1,2,4,10,10,1
"168",58,4,1,6,4,8,9,1
"169",60,3,0,7,4,5,10,1
"170",83,3,1,3,6,1,2,0
"171",33,4,1,7,4,2,7,0
"172",31,5,0,7,6,6,7,1
"173",43,2,1,10,5,6,8,1
"174",76,4,1,5,6,1,3,0
"175",40,3,1,2,1,10,10,1
"176",70,6,0,12,6,2,5,0
"177",32,3,1,1,2,9,10,1
"178",59,3,0,7,4,5,10,1
"179",22,2,1,4,2,7,4,1
"180",41,4,0,3,2,8,10,1
"182",66,2,0,8,6,6,10,1
"183",66,3,0,8,5,5,6,1
"184",38,4,0,6,4,10,8,1
"185",39,6,1,6,6,8,6,1
"186",59,3,0,2,4,6,9,1
"187",52,4,0,10,2,9,7,1
"188",44,3,0,4,3,10,10,1
"189",62,2,0,4,2,7,7,1
"190",49,4,1,5,2,7,7,1
"191",50,2,0,2,4,6,8,1
"192",26,6,1,2,2,10,10,1
"193",28,4,0,5,4,8,8,1
"194",36,7,1,9,4,10,9,1
"195",33,6,1,9,4,6,8,1
"196",39,2,0,3,2,6,8,1
"197",38,3,1,4,2,10,8,1
"198",61,3,1,10,4,8,9,1
"199",27,4,0,15,2,5,7,1
"200",78,4,1,6,6,1,6,0
"201",66,2,0,4,4,5,4,1
"202",64,4,0,5,2,9,7,1
"203",34,3,1,4,6,7,9,1
"204",41,2,0,3,1,7,10,1
"205",53,3,1,9,5,8,6,0
"206",40,7,1,5,4,5,10,1
"207",63,4,1,10,2,9,8,1
"208",44,3,0,3,4,8,10,1
"209",44,2,1,5,5,7,10,1
"210",31,2,1,7,2,10,10,1
"211",38,6,1,8,5,10,9,1
"212",52,2,1,6,1,9,10,1
"213",33,4,1,7,3,7,8,1
"214",66,3,0,5,7,5,6,0
"215",62,4,0,5,2,10,10,1
"216",68,3,0,2,4,7,6,0
"217",39,3,0,6,4,5,9,1
"218",65,3,0,3,6,2,5,0
"219",69,3,0,2,1,10,9,1
"220",39,4,1,11,1,10,9,1
"221",66,6,0,6,7,0,5,0
"222",43,3,0,10,2,7,10,1
"223",57,3,1,8,7,8,1,0
"224",77,5,1,11,4,3,6,1
"225",43,5,0,5,2,10,8,1
"226",66,4,1,15,5,6,6,0
"227",56,6,0,7,4,10,10,1
"228",37,6,0,6,1,10,10,1
"229",39,3,1,6,6,7,8,1
"230",45,3,0,12,5,6,7,0
"231",26,2,0,2,3,6,6,1
"232",41,4,0,9,6,3,3,0
"233",33,3,1,6,4,9,8,1
"234",60,4,0,1,2,4,5,1
"235",28,5,1,7,4,6,8,1
"236",43,3,1,4,7,2,8,1
"237",40,4,1,19,4,7,5,1
"238",58,3,1,2,5,7,10,1
"239",44,2,1,6,6,1,1,0
"240",63,6,0,21,6,9,7,1
"241",37,2,1,4,5,10,10,1
"242",31,3,1,9,4,10,6,1
"243",44,2,1,8,5,3,3,0
"244",49,4,1,3,6,4,5,1
"245",34,2,1,5,4,10,10,1
"246",54,3,1,1,4,5,8,1
"247",35,4,1,7,2,5,9,1
"248",20,3,0,10,4,9,8,1
"249",56,2,0,5,4,7,5,1
"250",59,2,0,10,5,7,5,1
"251",49,3,1,4,2,3,7,1
"252",73,3,0,6,4,7,5,1
"253",44,3,0,2,4,10,10,1
"254",31,4,1,6,4,8,10,1
"255",36,4,1,6,3,10,7,1
"257",57,7,0,3,1,10,10,1
"258",44,3,0,6,6,10,10,1
"259",54,2,0,6,6,9,9,1
"260",21,3,0,2,2,9,10,1
"261",53,3,0,1,3,6,9,0
"262",67,3,0,13,4,7,5,1
"263",63,2,1,2,6,0,5,0
"264",66,3,1,10,4,2,7,0
"265",48,2,1,1,6,5,8,0
"266",63,1,1,4,4,8,8,1
"267",25,3,1,8,4,9,8,1
"268",52,2,0,2,4,10,9,1
"269",22,3,0,2,4,7,10,1
"270",68,2,0,5,4,3,5,0
"271",56,7,1,8,4,7,6,1
"272",50,3,0,1,4,5,10,0
"273",71,3,1,5,4,7,6,1
"274",65,2,0,3,6,0,5,0
"275",67,4,1,7,7,2,3,0
"276",22,3,0,5,2,8,7,1
"277",50,4,1,2,6,10,10,1
"278",62,4,1,4,5,1,8,0
"279",66,7,0,9,1,9,10,1
"280",67,2,1,8,2,3,6,0
"281",30,4,1,6,3,6,5,0
"282",59,3,0,3,7,10,10,0
"283",44,2,0,5,2,7,10,1
"284",25,4,1,6,5,8,7,1
"285",34,2,1,5,2,8,9,0
"286",54,5,0,3,3,5,7,0
"287",27,1,1,1,3,5,8,1
"288",35,4,0,11,2,9,8,1
"289",59,3,1,6,7,0,0,0
"290",39,3,1,8,6,8,1,0
"291",27,4,0,9,6,4,6,0
"292",31,3,1,1,4,10,10,1
"293",64,3,0,4,3,6,7,1
"294",43,5,1,4,6,1,2,0
"295",32,4,0,9,2,10,10,1
"296",43,1,0,1,2,5,4,0
"297",38,4,1,4,1,10,9,1
"298",54,4,0,9,4,8,8,1
"299",23,4,0,2,2,10,10,1
"300",61,2,1,4,2,8,8,1
"301",61,6,0,1,2,10,6,1
"302",51,3,0,7,1,10,10,1
"303",36,3,1,12,6,2,5,0
"304",53,3,1,5,5,6,7,0
"305",23,2,0,3,4,5,8,1
"306",29,3,1,6,6,5,7,1
"307",20,3,1,8,5,7,10,0
"308",34,2,1,2,6,10,8,1
"309",49,4,1,5,1,7,6,1
"310",51,3,1,4,4,6,5,1
"311",40,4,1,6,7,5,5,0
"312",30,6,1,6,1,9,8,1
"313",63,7,1,21,6,1,5,0
"314",66,2,1,5,4,4,4,0
"315",58,3,0,8,4,7,7,0
"316",40,3,0,2,5,3,6,0
"317",23,4,0,3,4,7,10,1
"318",43,3,0,5,4,10,8,1
"319",22,3,1,18,2,10,8,1
"320",22,3,1,4,4,7,8,1
"321",21,2,1,1,4,2,8,0
"322",48,4,1,9,6,7,7,1
"323",20,1,1,5,4,10,4,1
"324",55,4,1,8,1,8,8,1
"325",66,2,0,5,4,3,8,1
"326",51,1,1,7,5,10,10,1
"327",39,3,0,5,2,3,10,0
"328",49,7,1,7,1,9,10,1
"329",19,3,1,4,4,2,5,0
"330",48,3,1,21,6,5,8,1
"331",62,3,1,2,7,3,0,0
"332",78,2,0,4,6,5,5,1
"333",58,2,0,1,4,9,9,1
"334",42,4,0,1,4,8,5,0
"335",70,4,1,3,6,2,4,0
"336",42,2,0,4,4,9,10,1
"337",23,3,0,2,5,6,4,1
"338",23,4,0,1,3,6,7,1
"339",69,4,0,3,2,4,6,0
"340",45,4,0,9,6,5,5,0
"341",54,2,0,5,2,7,5,1
"342",39,4,1,3,1,7,8,1
"343",44,2,0,2,4,10,9,1
"344",21,3,0,3,2,8,7,1
"345",54,4,0,3,5,4,7,1
"346",47,2,1,2,3,8,9,1
"347",21,3,1,1,4,5,4,0
"348",49,2,0,3,7,3,7,0
"349",73,3,1,4,6,7,6,1
"350",35,3,0,3,4,7,8,1
"351",55,4,1,11,3,5,4,1
"352",74,3,0,6,3,10,10,1
"353",48,3,1,4,6,4,7,0
"354",45,4,1,6,7,5,3,0
"355",45,3,0,7,2,10,10,1
"356",49,3,0,7,2,8,10,1
"357",38,4,1,10,4,8,8,1
"358",59,3,0,5,4,10,10,1
"360",47,1,0,4,4,6,9,1
"361",53,2,0,4,4,7,9,1
"362",29,3,0,2,3,6,8,1
"363",20,3,1,2,4,4,6,1
"364",62,2,0,2,4,7,10,1
"365",36,4,0,12,4,6,5,1
"366",35,6,0,2,2,6,6,1
"367",41,3,0,15,5,10,8,1
"369",44,2,0,4,4,10,8,1
"370",65,4,1,7,3,5,4,1
"371",68,3,1,10,5,3,2,0
"372",66,3,0,4,7,5,10,0
"373",61,4,0,2,2,8,8,1
"374",31,1,0,1,4,5,7,0
"375",33,3,0,3,4,8,10,1
"376",33,4,0,6,3,9,10,1
"377",54,4,1,6,7,2,0,0
"378",28,3,1,7,7,6,8,1
"379",38,6,1,9,4,6,5,1
"380",19,3,1,8,4,8,3,1
"381",44,2,1,1,4,5,0,1
"383",26,2,1,2,4,6,7,1
"384",36,3,0,2,3,7,7,1
"385",45,3,0,8,4,6,7,1
"386",28,4,1,5,4,8,7,1
"387",70,6,1,3,6,8,9,1
"388",25,4,0,3,3,6,10,1
"389",29,4,0,7,4,9,9,1
"390",22,4,1,2,6,4,7,0
"391",52,2,1,4,4,10,10,1
"392",73,6,1,14,6,1,4,0
"393",54,2,1,2,4,7,6,1
"394",40,2,0,8,3,7,7,1
"395",33,4,1,9,4,5,6,0
"397",58,5,1,4,2,9,10,1
"398",33,6,1,9,2,9,9,1
"399",25,6,0,15,1,10,10,0
"400",49,3,1,1,6,4,1,1
"401",37,2,1,3,6,3,5,0
"402",23,4,0,4,6,8,9,1
"403",22,3,1,5,6,0,3,1
"404",52,2,0,4,2,7,8,1
"405",65,4,1,7,6,2,7,0
"406",70,2,0,5,4,8,9,1
"407",33,4,0,6,5,4,8,0
"408",31,4,0,6,7,3,2,0
"409",38,2,0,2,6,5,10,1
"410",64,3,0,2,4,6,6,1
"411",39,3,0,4,4,7,7,1
"412",29,6,0,6,4,8,8,1
"413",52,4,1,7,3,5,6,0
"414",49,3,1,3,7,10,10,1
"415",24,2,0,2,2,10,10,1
"416",39,4,0,11,6,10,7,1
"417",75,6,0,6,4,7,10,1
"418",68,6,1,4,2,10,10,1
"419",55,2,0,1,4,5,5,0
"420",31,2,0,6,4,5,7,0
"421",25,4,0,21,1,9,10,1
"422",42,4,0,16,5,9,9,1
"423",72,2,0,6,3,7,8,1
"424",55,3,0,5,3,5,7,1
"425",57,6,0,1,4,7,8,1
"426",40,4,0,6,4,5,5,0
"427",40,3,1,6,4,9,7,1
"428",53,3,1,2,4,2,6,0
"429",53,4,0,19,5,6,8,1
"430",51,3,1,10,2,9,8,1
"431",58,4,0,6,2,9,10,1
"432",55,3,0,1,4,5,7,1
"433",66,3,0,1,2,10,10,1
"434",66,3,0,5,2,5,5,1
"435",19,3,0,2,5,10,8,1
"436",41,6,0,1,4,7,9,1
"437",54,3,0,8,4,10,10,1
"438",41,4,1,7,1,6,10,0
"439",64,3,1,3,5,10,10,1
"440",50,6,0,1,4,4,4,0
"441",64,3,1,10,1,8,10,1
"442",32,4,0,5,6,7,6,1
"443",58,3,0,2,4,0,10,0
"444",19,3,1,21,5,6,5,1
"445",23,3,0,4,6,10,8,0
"446",23,3,0,21,5,6,8,1
"447",54,3,1,2,4,10,8,0
"448",38,2,0,3,5,7,7,1
"449",49,3,1,6,3,5,5,0
"450",32,5,0,5,2,6,8,0
"451",56,3,1,7,2,8,10,1
"452",39,4,0,1,4,8,10,1
"453",44,6,1,5,7,0,0,0
"454",60,5,0,4,5,5,8,0
"455",28,6,0,5,4,7,8,1
"456",63,2,1,4,1,10,10,1
"457",44,4,0,6,4,6,4,0
"458",44,3,0,3,3,10,10,1
"459",25,4,0,7,6,7,10,0
"460",51,3,1,10,6,2,7,0
"461",61,2,1,3,5,5,5,0
"462",18,2,0,4,2,9,10,1
"463",24,5,1,8,4,1,9,1
"464",21,3,1,8,2,10,10,1
"466",73,4,1,2,5,9,7,1
"467",54,3,0,4,4,10,2,1
"468",39,7,1,13,5,7,9,1
"469",20,3,0,8,4,9,10,1
"470",47,2,1,3,1,10,10,0
"471",52,2,0,7,7,2,0,0
"472",20,3,1,9,3,5,7,1
"473",63,4,1,6,2,10,9,1
"474",62,3,1,7,6,0,1,0
"475",35,5,1,1,2,10,10,1
"476",42,6,1,9,4,9,8,1
"477",61,4,0,5,2,9,7,1
"478",52,3,0,8,3,3,7,0
"479",58,2,1,4,2,7,8,1
"480",30,4,0,6,4,10,10,1
"481",22,4,0,6,3,3,5,0
"482",19,2,0,1,4,4,7,0
"483",70,5,0,8,5,6,8,1
"484",42,3,1,5,2,6,2,1
"485",70,3,1,6,7,0,1,0
"486",18,3,0,8,3,6,6,0
"487",59,3,0,6,2,9,7,1
"488",80,2,1,4,4,10,10,1
"489",38,5,1,6,3,7,8,1
"490",55,2,0,1,4,9,10,0
"491",44,6,0,11,4,9,9,1
"492",26,2,0,4,4,7,6,1
"493",31,4,1,3,4,6,4,0
"494",54,2,0,2,4,10,10,1
"495",53,3,1,1,5,7,7,1
"496",48,3,1,14,4,9,6,1
"497",69,3,1,1,4,8,8,1
"498",54,3,1,3,3,10,8,1
"499",33,4,1,5,1,7,10,1
"500",32,4,0,2,2,10,10,1
"501",28,5,0,1,5,0,8,1
"502",25,4,0,9,2,5,8,1
"503",38,3,0,1,4,10,10,0
"504",57,4,1,7,3,9,9,1
"505",35,3,1,12,4,8,8,0
"506",33,3,0,7,4,7,2,1
"507",29,2,1,15,3,7,10,1
"508",51,2,0,3,4,9,7,1
"509",26,4,0,7,4,9,8,1
"510",60,6,1,7,1,10,10,1
"511",31,4,0,2,4,7,9,1
"512",27,4,0,10,2,9,10,1
"513",24,3,0,4,5,6,8,1
"514",36,4,0,11,4,6,7,1
"515",65,3,1,3,7,1,1,0
"516",61,2,0,2,4,6,5,1
"517",87,4,1,6,3,8,9,0
"518",47,3,0,8,4,10,9,1
"519",25,4,0,5,7,0,3,0
"520",54,4,1,2,2,6,3,0
"521",56,2,1,1,6,7,7,1
"522",41,3,0,3,6,5,5,1
"523",36,3,0,7,2,10,10,1
"524",53,3,0,1,4,8,9,1
"525",47,2,1,7,5,2,7,0
"526",52,6,1,6,2,8,5,1
"527",70,2,1,2,4,7,7,1
"528",51,7,1,7,4,3,6,0
"529",52,4,0,1,4,10,7,1
"530",31,2,1,2,4,9,8,1
"531",44,3,0,3,4,4,5,0
"532",36,3,0,3,4,6,4,1
"534",31,3,1,4,4,6,7,1
"535",73,1,0,4,6,1,9,1
"536",24,2,1,6,2,3,7,0
"537",53,3,1,5,2,7,4,1
"538",49,4,1,8,5,8,10,1
"539",52,4,1,9,6,6,5,1
"540",28,2,1,4,2,6,9,1
"541",29,4,1,8,3,8,7,1
"542",35,4,0,4,4,8,5,1
"543",72,6,0,7,1,5,7,1
"544",66,5,0,2,7,10,10,1
"545",51,2,0,8,4,8,8,1
"546",45,4,1,3,5,9,1,1
"547",31,2,0,3,6,10,7,1
"548",69,3,0,3,3,9,9,1
"549",48,4,0,5,4,7,8,1
"550",53,6,1,21,6,6,7,0
"551",49,6,1,10,5,6,9,1
"552",61,3,0,3,4,6,8,1
"553",63,4,0,3,4,10,10,1
"554",35,3,1,4,4,0,0,0
"556",28,6,0,12,2,7,6,1
"557",66,3,0,4,4,7,10,1
"558",50,3,1,9,6,0,0,0
"559",38,3,0,4,3,4,10,1
"560",23,4,0,14,7,7,9,1
"561",27,3,0,1,4,10,8,1
"562",33,2,1,6,5,5,6,1
"563",29,2,0,3,4,5,10,1
"564",32,6,0,14,4,5,7,1
"565",53,2,0,1,2,5,7,1
"566",73,3,0,4,4,7,10,1
"567",48,4,1,3,6,7,8,1
"568",46,3,1,4,2,9,7,1
"569",24,4,0,3,5,7,10,1
"570",29,2,1,3,4,5,5,1
"571",55,5,0,6,6,7,8,1
"572",52,3,1,3,4,9,10,1
"573",31,4,0,5,4,8,6,1
"574",35,4,1,6,4,10,10,0
"575",85,4,1,12,2,8,6,1
"576",24,3,0,1,1,7,8,1
"577",42,2,0,5,4,10,10,1
"578",66,2,0,7,4,10,10,1
"579",23,2,0,6,7,5,8,1
"580",67,3,0,6,6,5,6,0
"581",52,4,0,1,4,7,8,1
"582",18,3,0,2,1,10,9,1
"583",34,6,0,8,3,7,6,1
"584",63,3,1,6,3,6,9,1
"585",50,6,1,4,5,5,8,0
"586",37,4,0,8,2,8,10,1
"587",57,3,1,6,7,10,9,1
"588",44,6,0,17,1,5,1,1
"589",34,2,1,6,6,10,9,1
"590",32,3,0,2,4,10,10,1
"591",37,4,0,5,2,8,8,1
"592",61,7,1,6,4,10,8,1
"593",35,2,1,4,3,10,9,1
"594",48,4,1,4,6,10,10,1
"595",49,4,1,1,2,10,10,1
"596",46,3,1,12,5,5,5,0
"597",67,3,1,7,4,5,4,0
"598",34,6,0,13,2,8,8,1
"599",56,2,0,6,2,6,7,1
"600",19,2,0,6,3,7,9,0
"601",63,3,1,9,2,8,7,1
"602",27,5,0,8,4,6,9,1
"603",41,3,1,4,7,4,5,1
"604",38,4,0,9,4,7,7,1
"605",30,2,0,7,4,10,9,1
"606",42,4,0,8,2,10,7,1
"607",25,2,0,6,3,6,9,1
"608",30,3,0,2,2,7,9,1
"609",35,3,1,3,4,9,8,1
"610",76,7,1,4,7,0,5,0
"612",30,3,0,3,4,7,8,1
"613",57,4,0,3,2,8,9,1
"614",63,3,1,6,6,1,2,0
"615",38,2,1,2,4,6,10,1
"616",50,3,1,4,6,5,10,0
"617",48,3,0,8,6,7,9,1
"618",21,3,0,6,4,7,6,1
"620",56,3,0,8,1,5,6,1
"621",24,3,0,2,6,10,10,1
"622",30,4,0,2,2,6,9,1
"624",28,4,1,6,4,2,10,0
"625",35,2,1,1,5,9,10,1
"626",55,6,0,13,2,6,10,0
"627",70,4,0,15,3,8,9,1
"628",48,3,0,7,4,8,7,1
"629",31,4,0,5,6,3,1,0
"630",63,3,1,7,5,6,8,1
"631",30,3,1,5,3,8,10,1
"632",36,5,0,9,2,8,8,1
"633",77,3,0,6,4,5,4,0
"634",70,4,1,7,6,0,0,0
"635",70,3,1,12,1,10,10,1
"636",50,4,0,9,3,10,10,1
"637",66,3,1,2,5,6,6,1
"638",24,3,0,4,3,7,7,1
"639",23,4,0,9,5,5,5,1
"640",50,2,1,3,5,5,6,0
"641",52,2,0,3,4,7,9,1
"642",72,3,0,6,5,7,6,1
"643",24,1,0,4,4,10,8,1
"644",42,4,1,3,1,10,10,1
"645",55,3,1,8,4,6,9,1
"646",58,4,1,1,5,7,7,1
"647",61,3,1,4,6,6,5,0
"648",20,3,1,3,4,6,5,1
"649",35,4,1,18,3,7,9,1
"650",72,3,1,5,5,2,3,0
"651",56,4,0,6,5,7,8,1
"652",29,4,1,10,4,7,7,1
"653",51,3,0,7,5,2,6,0
"654",25,4,1,2,2,8,8,1
"655",44,6,1,15,6,5,6,0
"656",60,4,0,9,4,3,6,1
"657",49,4,1,5,4,10,4,0
"658",35,3,0,5,5,7,7,1
"659",42,4,0,4,6,9,10,1
"660",35,4,1,12,4,7,10,1
"661",74,3,1,18,7,0,0,0
"662",56,4,0,2,2,7,7,1
"663",24,2,0,4,4,6,8,0
"664",44,3,0,5,4,9,10,1
"665",41,6,1,19,3,10,10,1
"666",28,4,1,2,1,10,10,1
"667",43,3,0,9,2,8,10,1
"668",56,2,0,9,4,1,5,0
"669",21,2,1,19,4,8,9,1
"670",26,3,0,4,4,7,9,1
"671",29,5,0,7,1,8,8,1
"672",37,4,1,13,3,9,10,1
"673",19,2,1,8,3,4,5,0
"674",39,7,1,6,1,10,10,1
"675",70,3,1,7,3,5,8,0
"676",24,4,0,6,2,8,8,1
"677",68,4,1,9,2,9,9,1
"678",37,3,1,2,2,8,6,1
"679",24,4,1,15,3,5,7,0
"680",43,3,1,3,7,5,5,0
"681",58,6,0,3,4,7,8,0
"682",81,5,1,12,7,2,2,0
"683",44,4,1,9,3,9,4,1
"684",31,4,1,15,5,8,10,1
"685",27,4,1,19,5,10,10,1
"686",23,2,0,1,3,6,8,1
"687",75,2,1,1,4,5,5,1
"688",27,3,1,1,4,8,6,1
"689",75,2,0,2,4,10,8,1
"690",48,4,1,4,2,8,8,1
"691",70,3,0,4,6,7,8,0
"692",41,1,0,2,4,10,10,1
"693",58,3,0,4,1,6,10,1
"694",63,4,1,8,5,3,7,0
"695",50,4,1,5,5,6,9,1
"696",21,3,0,2,4,4,9,1
"697",24,2,1,4,5,5,6,1
"698",31,4,0,5,4,4,7,1
"699",67,4,1,1,1,10,5,1
"700",48,4,1,16,4,6,7,1
"701",52,4,1,7,6,1,10,0
"702",21,4,1,8,5,9,9,1
"703",73,4,1,5,7,3,1,0
"704",57,3,0,1,3,6,5,0
"705",47,2,1,8,3,9,8,1
"706",66,3,1,2,4,8,6,1
"707",41,2,1,1,1,8,7,1
"708",36,4,0,11,4,8,8,1
"709",21,3,0,2,3,8,9,1
"710",28,4,0,7,2,8,9,1
"711",48,4,1,5,6,4,8,0
"712",64,6,0,8,2,10,9,1
"713",64,6,0,2,6,7,5,1
"714",42,3,0,2,4,8,8,1
"715",47,4,0,7,4,3,8,1
"717",51,4,1,6,2,6,7,1
"718",18,2,1,2,6,9,9,1
"719",20,2,0,3,4,0,4,0
"720",61,6,0,8,5,8,8,0
"721",66,3,0,3,2,8,10,1
"722",33,4,0,9,6,5,6,0
"723",40,3,0,5,6,4,6,1
"724",26,3,0,5,3,9,8,1
"725",49,3,1,4,2,6,6,1
"726",21,4,0,4,4,10,10,1
"727",46,6,1,15,6,8,8,1
"728",23,3,0,3,4,6,6,1
"729",57,4,0,5,7,5,7,0
"730",19,2,1,2,4,8,10,1
"731",39,3,0,6,4,9,9,1
"732",68,5,1,3,3,0,2,0
"733",66,2,1,3,6,8,1,1
"734",35,6,1,5,7,4,3,0
"735",55,4,0,3,1,10,10,1
"736",50,3,0,7,6,10,10,1
"737",28,2,0,1,4,9,8,0
"738",43,3,1,2,4,7,7,1
"739",35,3,1,7,6,10,10,1
"740",75,3,1,2,2,7,6,1
"741",73,3,0,2,4,6,5,0
"742",75,5,0,10,2,10,8,1
"743",31,2,0,3,4,2,4,1
"744",79,7,1,15,6,3,6,0
"745",41,3,1,5,5,7,5,1
"746",52,4,0,2,4,8,8,1
"747",19,2,1,4,4,0,0,1
"748",34,6,0,8,1,9,8,1
"749",65,4,0,3,3,6,8,1
"750",35,3,0,7,4,8,9,1
"751",59,5,0,6,5,7,6,1
"752",28,3,1,2,3,8,9,1
"753",68,3,0,6,6,4,8,0
"754",86,3,1,4,4,2,7,0
"755",58,2,0,7,2,6,9,1
"756",61,5,0,3,2,7,7,1
"757",50,3,0,10,6,8,8,1
"758",73,6,0,4,1,10,8,1
"759",48,2,1,2,4,10,10,1
"760",23,4,0,3,5,3,3,0
"761",25,3,1,2,5,7,8,1
"762",55,3,0,1,4,4,8,0
"764",55,4,0,4,4,8,9,1
"765",46,6,1,21,5,0,1,0
"766",68,4,0,9,7,5,7,0
"767",69,4,0,4,3,6,9,0
"768",31,3,1,1,5,8,8,1
"769",60,2,0,3,4,4,5,1
"770",30,4,0,4,4,6,5,1
"771",65,3,0,8,5,8,9,1
"772",70,3,0,15,5,8,8,1
"773",44,3,1,6,3,4,2,0
"775",66,4,1,7,6,5,6,0
"776",28,6,1,16,4,3,7,0
"777",25,4,0,4,6,7,8,1
"778",44,4,0,5,1,8,9,0
"779",43,4,0,10,3,8,7,1
"780",69,7,1,8,7,2,7,0
"781",44,2,0,2,4,9,8,1
"782",38,4,0,1,1,9,8,1
"783",30,4,0,1,4,5,6,1
"784",30,4,0,6,1,10,10,1
"785",29,4,1,6,6,4,7,0
"786",42,3,1,5,1,8,7,1
"787",61,2,0,3,4,7,4,1
"788",36,3,1,9,4,6,7,1
"790",30,4,0,8,6,7,9,1
"791",27,4,0,3,2,5,5,1
"792",59,2,0,3,6,7,7,1
"793",20,2,1,4,5,9,10,1
"794",26,6,1,8,3,9,8,1
"795",47,4,0,6,3,10,10,1
"796",32,6,1,8,5,3,2,0
"798",46,4,0,3,6,5,7,0
"799",75,4,1,5,7,4,6,0
"800",44,2,1,3,4,7,8,1
"801",79,4,1,2,6,4,6,1
"802",44,4,1,5,4,5,6,0
"803",19,2,0,1,3,8,6,1
"804",57,3,1,1,2,9,8,1
"805",36,3,0,4,6,7,9,1
"806",70,2,0,3,4,6,6,1
"807",20,3,1,7,7,6,7,0
"808",49,4,1,2,4,7,6,1
"809",55,2,1,7,4,10,10,0
"810",69,4,1,5,5,6,6,1
"811",37,7,1,5,4,5,4,0
"812",68,2,1,4,6,8,9,1
"813",53,5,1,3,2,5,9,1
"814",46,4,0,9,5,4,8,0
"815",22,4,0,2,1,10,10,1
"816",59,3,0,3,4,9,6,1
"817",45,5,0,4,6,5,6,1
"818",53,4,1,11,4,7,0,1
"819",58,2,0,7,2,7,9,1
"820",22,3,0,4,3,5,6,1
"821",46,4,0,10,6,4,6,1
"822",54,4,0,21,7,0,0,1
"823",77,7,1,5,3,8,10,1
"824",52,3,1,8,4,8,9,1
"825",19,2,0,1,5,5,8,1
"826",57,3,0,6,2,8,9,1
"827",38,4,0,7,4,7,5,0
"828",47,4,0,3,6,10,8,1
"829",49,4,0,1,6,7,10,1
"830",32,3,0,2,4,6,10,1
"832",37,6,1,11,7,1,5,0
"833",49,3,0,8,3,9,6,1
"834",38,3,1,8,4,5,6,1
"835",66,3,0,4,6,6,9,1
"836",44,3,0,9,3,10,10,1
"837",21,3,0,6,1,9,8,1
"838",54,4,0,6,2,7,5,1
"839",41,2,1,8,5,2,3,0
"840",53,4,0,7,4,8,8,1
"841",70,3,1,6,2,8,8,1
"842",37,2,1,6,4,10,10,1
"843",44,3,1,5,5,5,6,1
"844",63,7,1,4,2,8,9,1
"845",50,3,1,11,2,9,10,1
"846",43,3,1,7,4,10,10,1
"847",55,2,0,5,4,7,6,1
"848",46,4,1,10,4,6,5,1
"849",40,4,1,4,5,5,4,1
"850",56,2,1,7,6,8,8,1
"851",55,5,1,6,7,0,0,0
"852",41,3,0,6,4,5,5,0
"853",64,3,0,2,5,3,6,0
"854",45,5,1,12,7,10,10,1
"855",36,6,1,8,3,9,9,1
"856",53,6,0,11,3,7,8,1
"857",39,3,0,13,2,9,8,1
"858",31,4,1,8,4,10,6,1
"860",69,3,1,16,2,8,8,1
"861",20,3,0,6,4,7,6,1
"862",71,3,0,3,3,7,7,1
"863",34,4,0,12,2,10,10,1
"864",58,3,0,5,5,7,8,1
"865",39,6,0,7,3,9,9,0
"866",39,6,1,10,6,5,5,0
"867",37,4,0,9,1,10,10,1
"868",30,3,1,4,3,6,8,1
"869",57,3,0,3,6,9,10,1
"870",61,3,0,4,6,6,8,1
"871",70,2,1,4,7,0,5,0
"872",31,4,0,5,2,9,8,1
"873",42,3,1,6,5,5,3,1
"874",65,2,1,5,6,4,4,1
"875",33,4,0,3,6,7,6,1
"876",23,2,0,1,4,5,5,0
"877",60,5,0,3,2,8,10,1
"878",30,7,1,21,4,9,8,1
"879",21,3,0,1,1,7,7,1
"880",52,3,0,6,5,7,7,0
"881",79,6,1,3,5,7,9,1
"882",67,3,0,4,2,8,6,1
"883",78,3,1,5,7,4,5,0
"884",26,4,1,6,4,6,5,0
"885",72,5,0,4,7,4,7,0
"887",67,7,1,15,5,2,2,0
"888",66,2,0,2,1,5,8,0
"889",57,3,1,6,3,8,8,1
"890",65,2,0,2,4,6,6,1
"891",20,3,1,11,2,10,8,1
"892",31,2,1,1,1,8,9,0
"893",71,7,1,8,2,8,6,1
"894",32,4,1,6,4,4,9,1
"895",42,6,1,2,2,4,8,0
"896",50,4,0,8,4,5,7,0
"897",43,4,0,1,4,5,5,0
"898",34,3,1,4,3,8,6,1
"899",55,6,0,9,4,6,7,1
"900",66,3,1,6,4,8,10,1
"901",46,4,1,8,7,9,10,1
"902",61,4,0,3,4,4,7,0
"903",53,6,1,1,7,0,0,0
"904",25,3,1,2,4,5,7,0
"905",23,4,1,6,2,7,7,1
"906",50,4,1,8,1,10,10,1
"907",66,5,1,4,2,7,7,1
"908",23,4,0,2,2,10,10,1
"909",54,6,0,16,6,5,5,0
"910",50,4,0,1,1,5,10,1
"911",65,6,1,10,4,1,0,1
"912",37,4,0,4,1,6,9,1
"913",42,4,1,6,5,8,7,1
"914",59,3,0,4,5,5,5,1
"915",46,1,1,4,3,10,10,1
"916",27,2,1,4,4,8,6,1
"917",79,4,0,6,5,6,10,1
"918",34,3,1,3,3,2,1,1
"919",63,7,0,3,1,10,10,1
"920",21,3,0,2,4,10,9,1
"921",41,4,1,2,4,8,8,1
"922",46,4,0,3,7,10,10,1
"923",39,3,1,1,4,0,0,0
"924",37,4,1,8,4,8,9,1
"925",36,3,1,4,4,4,5,0
"926",20,3,0,9,3,9,10,1
"927",23,3,0,1,4,6,3,0
"928",29,4,0,13,5,6,7,1
"929",53,4,0,5,4,10,10,0
"930",66,3,0,2,4,7,7,1
"931",55,3,1,6,5,2,5,1
"932",57,3,0,4,7,0,10,0
"933",76,3,1,6,6,2,3,0
"934",56,3,1,9,6,7,5,1
"935",28,2,0,2,4,8,10,1
"936",66,4,0,6,2,7,6,1
"937",66,4,1,7,4,10,10,1
"938",23,3,0,2,4,6,7,1
"939",54,3,1,6,4,3,8,0
"940",59,3,0,3,1,0,2,0
"941",44,4,1,6,6,9,8,1
"942",74,7,0,5,7,5,7,0
"943",42,2,1,1,6,7,5,1
"945",65,2,0,6,7,3,5,0
"946",80,3,1,18,6,7,7,1
"947",20,2,0,2,1,6,10,1
"948",72,6,0,3,1,9,10,1
"950",51,2,0,7,5,7,10,1
"951",36,3,0,4,4,10,10,1
"952",30,3,1,5,3,8,7,1
"953",47,2,1,2,5,9,8,1
"954",74,5,1,7,5,3,2,0
"955",20,3,0,6,2,8,9,1
"956",42,2,1,2,7,8,10,1
"957",56,4,0,5,2,9,6,1
"958",65,6,1,6,1,8,10,1
"959",38,4,0,5,3,8,9,1
"960",57,4,1,4,2,7,4,1
"961",70,6,0,9,6,5,7,0
"962",39,4,0,8,7,5,5,0
"963",33,3,0,2,4,8,10,1
"964",61,6,1,8,7,0,0,0
"965",64,4,1,10,4,9,8,1
"966",33,5,1,10,1,6,6,1
"967",27,3,1,3,4,10,10,1
"968",32,6,0,4,4,5,9,1
"969",28,3,1,6,6,10,10,1
"970",46,2,0,3,4,6,7,0
"971",37,2,0,6,6,5,0,0
"972",25,5,0,3,1,8,8,1
"973",49,3,1,7,4,8,7,0
"974",40,2,0,2,1,10,10,1
"975",31,3,0,11,3,7,10,1
"976",52,6,0,6,1,10,9,1
"977",69,6,1,8,5,4,3,0
"978",29,2,1,6,6,2,4,0
"979",30,2,0,4,6,4,7,0
"980",58,3,0,5,7,4,7,1
"981",58,3,1,1,2,5,1,0
"982",45,3,0,4,4,6,8,1
"983",31,3,0,4,4,10,8,0
"984",34,4,1,8,7,6,5,1
"985",51,5,0,3,2,10,8,1
"986",41,4,1,4,4,10,9,1
"987",53,3,1,3,2,6,8,1
"988",33,1,0,3,6,10,10,1
"989",48,4,1,4,5,6,9,0
"990",48,3,1,10,2,5,7,0
"991",76,5,1,8,2,9,7,1
"992",66,4,0,8,2,8,10,1
"993",47,2,1,2,4,10,8,1
"994",36,3,0,1,4,10,10,1
"995",19,2,1,2,2,4,5,0
"996",61,4,1,4,4,10,10,1
"997",52,3,1,6,4,7,8,1
"998",31,2,0,1,3,8,5,0
"999",52,6,1,3,2,8,6,1
"1000",39,2,1,3,4,10,10,1
"1001",51,4,0,2,5,5,6,1
"1003",71,6,1,10,4,4,2,0
"1004",54,4,1,10,5,3,7,1
"1005",46,4,0,5,5,3,2,0
"1006",33,7,1,21,4,9,5,0
"1007",40,4,1,13,4,8,7,1
"1008",56,2,0,3,6,8,10,1
"1009",42,6,1,11,5,3,8,1
"1010",36,4,1,1,2,8,7,1
"1011",36,4,0,7,2,8,9,0
"1012",52,3,0,4,5,8,10,1
"1013",51,3,1,3,2,9,9,1
"1014",27,4,0,6,3,8,10,1
"1015",55,3,0,4,4,10,8,1
"1016",27,7,0,8,6,10,8,1
"1017",49,3,1,1,7,0,0,0
"1018",28,4,0,16,2,10,10,1
"1019",30,3,0,6,4,8,10,1
"1020",94,4,1,3,7,5,7,0
"1021",48,4,1,5,3,6,2,0
"1022",66,2,1,3,6,0,1,0
"1023",32,3,1,7,4,9,10,1
"1024",53,4,0,9,3,8,10,1
"1025",52,4,0,6,4,10,10,1
"1026",59,3,1,4,1,5,10,0
"1027",34,2,0,3,6,10,10,1
"1028",21,3,0,4,4,9,7,1
"1029",30,3,1,6,4,9,10,1
"1030",50,3,1,2,2,7,10,1
"1031",24,5,1,2,6,10,7,1
"1032",33,4,0,14,5,7,7,1
"1033",22,3,1,1,7,6,2,0
"1034",66,6,0,3,3,8,10,1
"1035",26,2,1,4,4,7,7,1
"1036",34,6,0,5,4,7,7,1
"1037",20,3,0,5,3,7,7,1
"1038",23,3,0,4,2,10,9,1
"1039",40,4,0,8,5,6,10,1
"1040",46,3,1,3,3,8,7,1
"1041",58,4,0,5,5,7,8,1
"1042",59,4,0,3,4,5,6,1
"1043",65,4,1,2,1,9,5,1
"1044",30,2,1,5,3,9,10,1
"1045",31,2,0,6,2,8,9,1
"1046",21,3,1,8,2,10,10,1
"1048",46,1,1,12,3,8,9,0
"1049",48,4,1,10,4,2,3,0
"1050",42,3,1,1,6,8,7,1
"1051",43,3,1,3,4,5,10,1
"1052",34,4,0,4,6,4,7,0
"1053",52,2,0,3,4,6,7,0
"1054",53,4,0,2,4,2,0,0
"1055",34,6,1,5,6,10,8,0
"1056",41,2,0,2,4,5,5,0
"1057",37,4,0,11,5,8,10,1
"1058",39,3,1,8,4,5,7,1
"1059",42,3,0,5,4,7,5,1
"1060",40,3,0,3,4,7,5,1
"1061",68,2,1,4,5,1,6,0
"1062",49,1,0,3,5,7,10,1
"1063",45,3,1,4,5,3,8,1
"1064",65,2,0,2,2,8,8,1
"1065",40,2,0,5,4,5,5,1
"1066",32,4,1,6,1,10,10,0
"1067",56,3,1,5,6,0,8,0
"1068",30,6,1,4,3,8,7,1
"1069",23,4,0,3,3,8,4,1
"1070",32,6,0,6,2,8,8,1
"1071",56,2,0,3,4,1,10,0
"1072",21,3,0,7,1,8,8,1
"1073",63,3,0,2,4,7,7,1
"1074",47,3,1,5,6,3,6,0
"1075",64,4,1,7,6,6,8,0
"1076",46,4,0,7,2,8,10,1
"1077",27,4,0,7,5,3,6,0
"1078",27,2,1,6,4,5,10,1
"1079",42,4,0,6,4,8,9,1
"1080",47,3,1,2,6,10,10,1
"1081",71,4,0,7,7,0,0,0
"1082",40,3,1,1,4,9,7,0
"1083",34,4,0,1,5,6,5,1
"1084",45,2,0,4,4,5,6,1
"1085",53,3,0,6,4,7,10,1
"1086",51,3,0,2,4,10,10,1
"1087",68,3,1,6,7,7,1,0
"1088",25,4,1,1,4,10,10,1
"1089",21,3,0,5,2,6,7,0
"1090",62,1,0,7,7,4,7,0
"1091",36,2,1,5,4,10,10,0
"1092",49,2,0,4,4,8,6,1
"1093",48,4,0,9,4,5,7,1
"1094",49,2,0,4,6,8,8,0
"1095",35,4,1,3,4,6,3,1
"1096",35,4,0,9,5,10,10,1
"1097",28,3,0,5,4,8,7,1
"1098",44,5,1,4,5,10,10,1
"1099",19,3,1,5,2,10,10,1
"1100",22,4,0,6,4,10,9,0
"1101",34,3,0,7,1,9,9,1
"1102",37,4,0,6,4,7,4,1
"1103",49,2,1,4,4,3,7,1
"1104",54,3,0,11,4,7,7,1
"1105",65,4,1,5,1,10,9,1
"1106",62,3,1,8,3,7,10,1
"1107",60,5,1,12,1,10,10,1
"1108",34,3,1,12,4,7,10,1
"1109",35,4,1,4,6,7,9,1
"1110",37,4,0,6,5,6,8,0
"1111",65,4,0,4,2,10,9,1
"1112",30,2,1,2,4,7,8,1
"1113",46,2,1,7,3,5,6,1
"1114",46,2,1,3,4,9,8,1
"1115",79,6,1,2,5,9,8,1
"1116",38,3,0,6,4,7,7,1
"1117",42,6,1,2,1,10,10,1
"1118",37,2,0,3,6,10,9,1
"1119",48,2,1,4,2,10,9,1
"1120",51,4,0,7,4,10,10,1
"1121",24,2,0,4,1,7,2,1
"1122",82,3,0,6,2,6,10,1
"1123",48,3,1,5,1,9,9,1
"1124",22,4,0,1,2,9,7,1
"1125",18,2,0,11,3,8,10,0
"1126",60,3,1,13,5,8,10,1
"1127",33,2,1,6,6,7,7,1
"1128",51,2,1,6,2,6,8,1
"1129",21,2,0,3,4,5,6,0
"1130",37,4,0,5,6,8,10,1
"1131",24,4,0,3,4,4,6,1
"1132",30,4,1,4,6,6,5,1
"1133",54,3,0,1,4,8,10,1
"1134",71,3,1,6,2,7,7,1
"1135",58,3,0,6,4,5,6,1
"1136",19,2,1,8,5,9,8,1
"1137",65,4,1,2,3,8,5,1
"1138",29,2,1,7,4,7,6,1
"1139",48,6,0,2,4,8,6,1
"1140",32,3,0,10,5,9,8,1
"1141",53,2,1,4,4,7,10,1
"1142",27,4,0,7,2,7,7,1
"1143",83,2,0,5,2,10,9,1
"1144",53,4,1,7,4,6,6,1
"1145",65,3,0,2,3,7,10,1
"1146",51,2,0,5,3,7,8,1
"1147",59,2,0,3,3,9,10,1
"1148",29,2,0,4,7,4,10,0
"1149",47,3,0,2,5,7,7,1
"1150",34,5,0,7,6,7,6,1
"1151",25,3,0,4,4,8,9,0
"1152",59,3,0,12,7,10,10,1
"1153",66,5,1,9,7,2,2,0
"1154",46,4,1,9,5,4,4,1
"1156",29,3,0,2,3,8,7,1
"1157",53,2,1,3,6,7,10,1
"1158",41,3,1,6,5,5,0,0
"1159",28,2,0,4,1,7,8,1
"1160",34,3,1,1,2,10,10,1
"1161",39,6,0,7,4,7,5,1
"1162",32,7,1,7,3,8,8,1
"1163",65,4,0,16,5,7,9,1
"1164",40,4,1,4,3,6,5,1
"1165",42,3,0,21,4,10,9,1
"1166",67,3,1,3,5,6,7,1
"1168",32,3,1,4,4,10,10,1
"1169",39,2,0,2,2,6,10,0
"1170",48,4,1,6,7,1,6,0
"1171",35,3,0,4,2,8,10,0
"1172",21,4,0,5,2,10,10,1
"1173",45,4,1,16,2,8,8,1
"1174",37,2,0,2,4,4,5,0
"1175",58,4,0,4,4,10,10,1
"1176",47,4,0,7,6,6,8,1
"1177",34,3,0,3,4,5,10,0
"1178",42,4,1,7,4,6,9,1
"1179",45,2,0,5,5,7,9,1
"1180",25,4,1,6,3,9,10,1
"1181",73,3,0,3,5,8,10,1
"1182",66,4,1,2,5,5,5,0
"1183",44,2,1,13,3,9,10,1
"1184",78,6,1,2,5,7,8,1
"1185",67,3,1,3,6,2,4,0
"1186",59,7,1,1,1,9,8,1
"1187",59,4,1,2,2,5,6,1
"1188",53,4,1,7,2,9,7,1
"1189",29,4,1,8,1,9,10,1
"1191",63,4,1,8,3,10,9,1
"1192",71,5,1,8,7,9,8,1
"1193",68,7,1,9,3,8,6,1
"1194",27,3,1,3,2,9,9,1
"1195",61,4,1,11,4,10,10,1
"1196",52,2,0,1,4,8,2,1
"1197",68,3,1,8,5,8,9,1
"1198",28,1,1,6,4,10,10,1
"1199",68,6,0,14,6,3,3,0
"1200",45,3,0,14,6,7,6,0
"1201",32,6,1,13,6,6,9,1
"1202",51,2,1,2,4,10,10,1
"1203",49,3,0,4,4,6,9,0
"1204",51,4,0,9,5,4,9,0
"1206",28,2,0,1,2,10,10,1
"1207",53,2,1,7,6,8,9,1
"1208",41,6,0,6,2,10,8,1
"1209",29,4,0,8,4,5,3,0
"1210",62,4,0,4,7,7,5,0
"1211",32,4,0,5,4,5,2,0
"1212",57,4,0,2,7,6,9,0
"1213",46,4,1,2,6,5,5,0
"1214",24,3,1,4,4,3,9,1
"1215",60,4,0,5,4,8,8,1
"1216",61,3,0,5,5,6,9,1
"1217",26,2,0,1,4,8,9,0
"1218",52,2,1,3,4,10,6,1
"1219",25,2,0,10,2,9,7,1
"1220",23,3,0,11,2,9,10,0
"1221",65,4,1,2,3,5,7,0
"1222",51,4,0,16,4,10,9,1
"1223",38,4,0,2,4,9,8,1
"1224",26,3,1,7,2,5,7,0
"1225",23,4,0,3,1,9,10,1
"1226",55,3,0,5,5,6,9,0
"1227",72,3,1,4,6,0,4,0
"1228",24,4,0,9,4,6,5,1
"1229",27,4,0,9,4,5,6,1
"1230",55,3,0,14,5,8,7,1
"1231",65,2,0,4,5,4,6,0
"1232",71,6,1,6,7,1,5,0
"1233",34,4,0,10,4,6,7,1
"1234",47,3,1,3,4,4,2,1
"1235",67,4,1,15,4,8,9,1
"1236",27,4,0,5,4,10,9,1
"1237",65,2,1,11,5,6,5,0
"1238",62,4,1,3,4,8,9,1
"1239",48,4,1,4,3,7,7,1
"1240",69,2,0,3,4,6,7,0
"1241",36,3,1,10,2,8,10,1
"1242",63,4,1,5,4,1,5,0
"1244",31,5,0,15,5,7,7,1
"1245",61,2,0,1,2,10,10,0
"1246",37,7,1,8,4,9,8,1
"1247",32,2,1,2,6,8,8,1
"1248",21,2,1,6,1,8,9,1
"1249",38,4,1,18,7,6,5,1
"1250",65,2,0,2,4,5,0,0
"1251",65,3,1,3,5,6,6,1
"1252",42,4,1,3,6,7,8,1
"1253",36,1,0,2,4,7,8,1
"1254",68,4,0,5,2,8,10,1
"1255",57,3,1,7,6,8,9,1
"1256",70,4,0,1,2,6,10,1
"1257",31,4,0,5,6,1,5,0
"1258",68,5,0,5,3,8,9,1
"1259",54,2,0,4,4,8,10,1
"1260",46,3,0,7,4,7,6,1
"1261",71,5,1,10,6,3,10,0
"1262",53,2,0,6,7,6,7,1
"1263",65,6,0,5,6,1,2,0
"1264",69,4,0,3,6,1,3,0
"1265",23,4,1,7,7,0,0,0
"1266",56,2,0,3,4,8,9,1
"1267",57,7,1,21,2,9,8,1
"1268",64,2,0,4,4,7,7,1
"1269",60,6,0,20,2,9,7,1
"1270",80,4,1,2,7,1,4,0
"1271",33,3,0,6,4,8,6,1
"1272",50,4,0,7,4,7,9,1
"1273",46,4,1,4,4,9,6,1
"1274",63,3,1,11,6,0,0,0
"1275",56,3,0,3,4,7,5,1
"1276",45,5,0,2,4,7,9,1
"1277",21,3,0,4,4,7,5,1
"1278",32,3,0,2,3,10,10,1
"1279",20,2,1,5,3,9,10,1
"1280",54,2,1,3,4,7,5,1
"1281",46,2,1,5,4,3,7,0
"1282",73,3,1,6,6,5,5,0
"1283",25,6,1,5,3,7,5,1
"1284",66,4,0,6,2,10,10,1
"1285",36,6,1,16,5,0,2,0
"1286",30,3,0,6,6,10,10,1
"1287",31,2,0,6,4,10,10,1
"1288",69,6,0,7,2,10,10,1
"1289",50,5,0,2,2,10,10,1
"1290",31,4,0,6,4,7,10,1
"1291",63,4,0,2,2,8,9,1
"1292",46,6,1,12,7,6,7,0
"1293",36,3,0,9,6,2,4,0
"1294",31,3,1,7,6,10,8,1
"1295",66,6,0,21,7,9,7,0
"1296",51,4,1,8,1,10,10,1
"1297",60,3,1,10,6,8,10,1
"1298",21,3,0,6,4,3,9,1
"1299",44,1,0,6,4,5,8,0
"1300",43,3,0,13,2,9,9,1
"1301",49,3,0,6,7,7,7,1
"1302",36,4,0,4,2,9,8,1
"1303",50,2,0,2,2,10,10,1
"1304",29,4,1,6,3,9,10,1
"1305",27,4,1,7,4,3,7,0
"1306",42,4,1,7,6,6,7,1
"1307",40,3,1,3,4,5,5,1
"1309",24,3,0,16,4,9,8,1
"1310",41,4,1,17,5,5,3,0
"1311",33,2,0,3,4,5,4,0
"1312",51,3,1,3,6,10,10,1
"1314",57,3,1,8,2,10,10,1
"1315",38,6,0,21,5,5,7,1
"1316",25,4,0,4,6,10,10,1
"1317",38,3,1,2,4,6,6,1
"1318",70,4,1,3,3,7,7,1
"1319",22,3,1,2,3,10,8,1
"1320",40,4,1,6,6,9,6,1
"1321",64,5,1,4,5,3,9,0
"1322",45,5,1,5,4,5,8,0
"1323",40,2,1,3,4,10,4,1
"1324",42,2,0,3,4,5,5,1
"1325",27,2,1,3,4,5,5,1
"1326",71,3,1,4,4,5,5,0
"1327",25,4,1,11,2,10,10,1
"1328",58,5,0,9,4,10,10,1
"1329",25,6,1,11,3,4,2,0
"1330",44,6,1,13,4,5,5,1
"1331",28,4,0,4,3,8,9,1
"1332",21,3,0,10,1,3,5,1
"1333",55,6,1,11,5,4,7,1
"1334",74,4,0,2,2,4,7,0
"1335",25,3,0,4,5,5,5,0
"1336",25,2,1,6,2,7,5,1
"1337",43,2,1,7,6,4,8,0
"1338",62,3,0,6,3,8,10,1
"1339",47,2,1,3,5,3,8,0
"1340",46,4,0,1,4,10,9,1
"1341",29,7,0,9,1,8,7,1
"1342",42,4,0,7,6,2,7,0
"1343",28,5,1,2,6,0,0,0
"1344",36,3,1,9,5,2,1,0
"1345",60,3,1,5,6,4,8,0
"1346",20,3,0,3,1,7,8,1
"1347",77,5,1,4,6,5,0,0
"1348",64,4,0,7,3,7,6,1
"1349",26,4,1,6,2,3,10,0
"1351",51,5,1,8,4,10,10,1
"1352",79,3,1,8,7,0,3,0
"1353",27,3,0,5,2,10,10,1
"1354",37,3,0,4,4,4,7,0
"1355",69,4,1,2,6,1,2,0
"1356",35,6,1,6,6,10,10,1
"1357",66,6,1,8,7,3,5,0
"1358",21,3,1,8,4,0,0,1
"1359",31,4,1,4,5,8,10,1
"1360",53,3,0,5,7,5,5,0
"1361",56,3,1,14,4,10,10,1
"1362",66,3,1,6,6,8,10,1
"1363",45,4,0,17,4,9,10,1
"1365",38,2,0,7,3,7,7,0
"1366",44,3,1,13,4,7,3,1
"1367",35,4,1,2,3,6,5,1
"1368",55,3,1,6,2,10,10,1
"1369",64,3,0,5,3,10,10,1
"1371",30,4,0,6,6,8,9,1
"1372",39,6,1,15,4,1,2,0
"1373",49,2,1,7,7,7,8,1
"1374",40,3,0,2,4,10,10,1
"1375",39,3,0,2,1,8,10,1
"1376",60,6,0,21,1,10,10,1
"1377",59,1,0,4,4,9,9,1
"1378",42,2,1,6,4,7,10,1
"1379",68,7,1,1,6,3,10,0
"1380",70,3,1,7,1,10,10,1
"1381",38,2,0,7,2,10,9,1
"1382",33,3,1,5,3,9,9,1
"1383",71,4,0,14,1,7,5,1
"1384",57,2,1,1,4,5,5,0
"1385",20,2,0,2,4,7,6,1
"1386",51,3,1,21,1,0,0,1
"1387",35,3,0,2,2,8,10,1
"1388",51,7,0,15,6,1,8,0
"1389",73,4,0,4,6,9,10,1
"1390",69,3,1,3,4,10,7,1
"1391",41,4,0,1,4,10,7,1
"1392",34,4,0,1,1,10,10,1
"1393",54,2,1,5,2,7,7,1
"1394",46,4,1,9,5,9,8,1
"1395",44,3,1,4,4,9,10,1
"1396",34,5,0,1,6,10,10,1
"1397",63,4,0,2,3,10,10,1
"1398",54,4,0,12,1,9,10,1
"1399",31,3,1,3,2,5,4,1
"1400",64,2,1,4,4,0,0,0
"1401",58,5,1,2,3,7,7,1
"1402",32,3,0,2,3,8,8,0
"1403",33,4,0,5,6,5,8,0
"1404",53,4,1,2,4,10,10,1
"1406",46,3,0,1,4,5,9,1
"1407",71,6,0,2,2,9,10,0
"1408",47,3,0,11,5,6,9,1
"1409",72,6,1,9,6,0,2,0
"1410",55,2,1,3,3,9,8,1
"1411",80,4,1,6,2,9,9,1
"1412",59,3,1,2,7,0,0,0
"1413",76,2,0,6,5,3,4,0
"1414",55,1,0,2,5,8,9,1
"1415",71,2,1,6,5,8,9,1
"1417",69,2,0,1,4,8,9,0
"1418",44,4,1,8,7,6,5,0
"1419",59,4,0,2,4,6,8,1
"1420",34,2,1,11,6,7,6,1
"1421",42,4,1,10,4,8,10,1
"1422",74,3,1,5,6,1,1,0
"1423",25,3,1,3,4,8,9,1
"1424",56,3,1,6,1,10,10,1
"1425",21,3,1,7,2,8,10,1
"1427",59,5,1,13,3,9,9,1
"1428",41,2,0,1,4,10,10,1
"1429",65,7,0,3,2,7,8,1
"1430",53,2,1,8,6,5,10,0
"1431",53,3,0,1,4,3,7,0
"1432",22,4,0,6,4,8,9,0
"1433",43,4,0,8,2,7,10,1
"1434",49,4,0,7,3,9,10,1
"1435",18,2,1,4,3,8,5,1
"1436",23,4,1,3,4,8,7,1
"1438",70,6,1,6,5,2,6,1
"1439",69,3,1,5,5,7,4,0
"1440",73,2,0,2,7,4,10,0
"1442",37,4,1,10,5,8,5,1
"1443",49,3,0,4,5,5,5,1
"1444",75,3,1,3,4,9,9,1
"1446",37,2,1,3,4,7,10,1
"1447",47,1,0,1,1,10,9,1
"1448",28,2,1,2,4,5,10,1
"1449",36,7,1,12,3,6,9,0
"1450",60,3,0,7,5,8,8,1
"1451",26,5,1,7,2,9,7,1
"1452",50,2,1,4,6,8,10,1
"1453",66,3,1,2,5,7,9,1
"1454",37,4,0,3,1,10,10,1
"1455",68,3,1,5,4,6,7,1
"1456",24,3,1,4,4,10,10,1
"1457",31,3,0,1,3,4,3,0
"1458",43,4,0,3,5,3,4,0
"1459",28,4,0,5,4,10,10,1
"1460",25,2,0,1,1,8,10,1
"1461",71,3,1,4,6,2,10,0
"1462",33,3,0,6,4,5,10,0
"1463",24,3,0,3,4,6,8,1
"1464",36,3,0,7,6,7,9,1
"1465",45,4,1,8,4,8,9,1
"1466",37,2,1,3,4,7,6,1
"1467",36,2,1,4,4,10,10,1
"1468",50,3,1,2,3,6,4,1
"1469",31,3,0,1,2,5,8,0
"1470",36,3,1,4,6,8,8,1
"1471",18,2,1,3,6,10,6,1
"1472",61,4,1,16,6,7,7,0
"1474",23,4,0,5,1,9,8,1
"1475",25,3,0,9,6,1,7,0
"1476",49,3,0,6,2,7,9,1
"1477",20,3,1,20,7,8,8,1
"1478",79,4,0,5,4,8,9,1
"1479",20,3,0,6,3,8,7,1
"1480",61,6,1,11,4,7,6,1
"1481",46,2,1,4,2,7,7,1
"1482",65,3,0,5,3,10,9,1
"1484",42,6,1,13,1,8,10,1
"1485",62,7,1,21,5,9,8,1
"1486",52,4,1,11,3,8,9,1
"1487",31,2,0,2,4,10,10,0
"1488",26,7,1,3,6,6,6,1
"1489",61,5,0,4,1,10,10,1
"1490",43,3,1,2,5,7,10,1
"1491",36,3,0,5,6,6,6,0
"1492",50,3,1,9,5,7,8,1
"1493",42,5,1,6,3,9,8,1
"1494",22,4,0,6,3,6,6,1
"1495",36,4,0,21,4,6,7,1
"1496",61,1,0,3,3,9,6,1
"1497",66,7,1,7,5,9,1,1
"1498",28,4,0,5,2,8,8,1
"1499",64,3,1,6,4,3,5,0
"1500",79,7,0,4,3,10,8,1
"1501",26,4,0,10,6,10,9,1
"1502",32,3,0,6,5,6,6,1
"1503",21,2,0,1,4,10,9,1
"1504",38,3,0,6,5,7,8,1
"1505",42,3,1,8,6,6,1,0
"1506",47,3,1,7,6,3,7,0
"1507",41,6,1,6,2,6,7,1
"1508",37,4,1,1,4,6,8,1
"1509",81,4,1,7,2,8,10,1
"1510",35,6,1,7,4,7,6,1
"1511",28,3,0,4,4,9,10,0
"1512",63,4,0,2,6,5,7,0
"1513",49,4,1,1,6,0,5,1
"1514",48,4,0,13,3,8,7,1
"1515",66,2,0,2,4,7,5,1
"1516",29,6,0,5,6,5,7,0
"1517",27,3,1,5,4,3,0,0
"1518",41,4,1,2,2,8,10,1
"1519",65,6,1,5,4,8,6,1
"1520",70,3,0,7,5,8,9,1
"1521",74,2,0,4,5,6,10,1
"1522",35,4,1,6,5,2,4,0
"1523",30,4,0,12,5,7,7,1
"1524",34,4,0,7,2,9,9,1
"1525",66,4,1,3,3,4,8,1
"1526",29,3,1,3,4,8,5,1
"1527",35,4,1,9,4,10,10,1
"1528",36,3,1,8,2,9,10,1
"1529",64,3,0,3,4,8,10,0
"1530",21,4,0,2,4,10,10,1
"1531",38,2,0,2,2,8,10,1
"1532",20,3,1,7,3,9,10,1
"1533",23,3,1,2,5,7,8,1
"1534",41,3,1,10,4,9,10,1
"1535",43,2,1,3,3,8,8,1
"1536",52,2,1,4,5,8,9,1
"1537",30,3,1,5,2,8,10,1
"1538",73,2,1,4,4,5,10,1
"1539",53,4,1,5,4,4,7,0
"1540",36,6,1,6,7,8,10,1
"1541",47,6,1,13,5,7,9,1
"1542",42,2,1,3,3,5,5,0
"1543",79,3,1,3,7,0,0,0
"1545",71,6,0,7,6,1,6,0
"1546",62,3,1,6,6,0,0,0
"1547",52,4,1,12,2,8,8,1
"1548",32,3,1,1,2,8,7,1
"1549",44,2,0,3,4,9,7,1
"1550",66,4,0,2,5,9,10,1
"1551",29,4,1,7,2,7,6,1
"1552",21,4,0,10,3,10,9,1
"1553",68,3,0,3,2,2,1,0
"1554",27,6,1,15,2,9,7,0
"1555",34,3,1,10,4,8,5,1
"1556",50,4,0,11,6,6,5,1
"1557",71,2,0,12,5,6,9,1
"1558",77,2,0,8,6,2,5,0
"1559",44,3,0,8,6,5,8,0
"1560",22,3,0,1,5,5,1,1
"1561",68,6,1,6,2,7,6,1
"1562",18,2,0,3,5,8,6,1
"1563",65,6,1,12,7,4,4,0
"1564",62,3,1,3,5,5,5,0
"1565",52,4,1,9,4,3,5,0
"1566",37,2,0,1,6,4,5,0
"1567",32,2,1,3,3,7,10,0
"1568",29,4,1,7,4,7,6,1
"1569",25,2,1,7,4,5,7,1
"1570",32,3,1,5,3,9,10,1
"1571",50,4,1,12,6,2,5,0
"1572",31,7,0,21,7,7,9,1
"1574",22,4,0,6,4,8,7,1
"1575",24,5,0,2,1,9,7,1
"1576",24,2,0,1,4,7,8,1
"1577",74,2,0,4,6,1,0,0
"1578",48,2,0,2,1,10,10,1
"1579",48,7,0,12,7,0,0,0
"1580",45,4,1,4,2,7,7,1
"1581",20,3,1,8,1,6,8,1
"1582",19,3,0,3,2,6,5,0
"1583",28,6,1,1,2,8,8,1
"1584",54,4,1,1,4,8,9,1
"1585",26,2,1,5,4,9,7,1
"1587",45,2,1,4,4,8,10,1
"1588",70,2,0,4,4,7,10,1
"1589",24,6,0,4,2,7,6,1
"1590",51,3,1,4,7,10,4,1
"1591",39,6,0,2,2,6,7,1
"1592",59,3,0,4,3,6,7,0
"1593",29,4,0,4,4,8,6,1
"1594",60,3,0,4,5,6,7,1
"1595",21,3,0,6,4,7,8,1
"1596",36,3,0,11,1,6,9,1
"1597",54,3,0,3,5,5,9,0
"1598",46,4,0,6,2,9,10,1
"1599",25,3,1,3,4,10,9,1
"1600",49,2,1,2,4,8,7,1
"1601",60,2,1,2,4,8,7,1
"1602",28,4,0,1,2,4,10,0
"1603",61,2,1,6,4,5,10,0
"1604",60,2,1,5,4,10,10,1
"1605",27,2,1,4,5,6,7,1
"1606",57,5,0,3,2,9,6,1
"1607",57,3,1,2,4,5,4,1
"1608",36,2,1,1,4,10,10,1
"1609",51,3,0,8,7,8,9,0
"1610",50,4,1,10,7,8,7,1
"1611",54,4,1,6,4,5,5,1
"1612",40,3,1,2,4,10,10,1
"1613",54,3,1,3,7,6,5,0
"1614",37,4,1,7,4,3,5,0
"1615",47,2,1,3,3,10,8,1
"1616",38,4,0,7,1,7,8,1
"1617",32,4,1,4,7,2,5,0
"1618",62,3,0,6,6,6,4,0
"1619",34,2,0,1,4,9,6,1
"1620",56,7,1,15,6,1,3,0
"1621",62,4,0,6,4,10,10,0
"1622",38,3,1,6,4,9,8,1
"1623",54,3,1,3,3,7,9,1
"1624",20,2,1,7,4,5,6,0
"1625",84,3,1,3,6,6,8,1
"1626",36,5,0,13,4,4,7,1
"1627",25,3,1,3,4,6,7,0
"1628",49,2,0,1,4,10,10,0
"1629",60,3,0,8,4,7,8,1
"1630",24,4,0,4,5,6,6,1
"1631",29,4,1,8,2,8,10,1
"1632",37,2,1,6,2,8,10,1
"1633",41,4,0,11,3,7,7,1
"1634",57,3,0,7,4,7,8,1
"1635",52,4,1,11,6,2,0,0
"1636",22,2,0,2,4,6,9,1
"1637",71,4,1,3,5,9,8,1
"1638",65,4,0,3,5,7,8,1
"1639",51,2,0,4,2,3,10,0
"1640",73,3,1,2,6,6,4,1
"1641",44,4,1,9,7,0,0,0
"1642",45,2,0,6,2,10,10,1
"1643",62,5,0,5,4,9,8,1
"1644",34,3,0,9,4,6,6,1
"1645",33,3,0,2,6,6,10,1
"1646",60,3,0,3,3,6,10,1
"1647",52,2,1,8,2,5,7,0
"1648",28,4,1,6,4,7,5,1
"1649",43,7,1,18,2,9,10,1
"1650",74,3,0,12,4,7,7,0
"1651",26,3,1,1,4,8,9,1
"1652",66,3,1,7,5,6,6,0
"1653",27,2,0,3,4,6,7,1
"1654",23,2,0,3,4,5,9,1
"1655",19,3,0,3,2,8,9,1
"1656",43,4,1,1,2,5,7,1
"1657",31,1,1,1,4,8,10,1
"1658",70,5,0,21,3,10,10,1
"1659",44,3,1,4,4,7,7,1
"1660",45,3,0,6,6,3,8,0
"1661",18,3,1,7,2,10,10,1
"1662",57,4,0,4,7,5,1,0
"1663",55,3,0,2,2,9,10,1
"1664",50,7,1,4,2,10,10,1
"1665",51,3,1,11,5,9,9,1
"1666",39,5,0,14,4,6,5,1
"1667",51,2,0,4,4,10,9,1
"1668",51,4,1,9,2,6,9,0
"1669",24,4,0,7,7,6,6,1
"1670",38,3,1,3,4,8,8,1
"1671",40,4,1,2,6,10,5,1
"1672",68,6,1,4,5,3,3,0
"1673",78,4,0,2,6,2,7,1
"1674",55,2,1,4,4,7,8,1
"1675",53,7,1,20,5,10,10,1
"1676",47,4,1,13,1,10,10,1
"1677",62,4,1,12,6,6,5,1
"1678",46,5,1,7,3,8,9,1
"1679",55,2,0,2,6,5,10,1
"1680",47,3,0,2,4,10,8,1
"1681",70,4,1,3,6,3,8,0
"1682",46,4,0,4,3,9,8,1
"1683",36,4,1,4,5,6,8,1
"1684",25,4,1,5,4,7,8,1
"1685",48,3,1,9,7,4,8,0
"1686",48,2,0,1,4,8,5,0
"1687",31,4,0,11,6,2,3,0
"1688",24,3,0,7,2,9,7,1
"1689",47,2,1,5,4,10,10,1
"1691",56,2,0,5,4,6,8,1
"1692",50,4,0,3,5,10,10,1
"1693",30,6,0,5,3,6,9,1
"1694",22,3,0,6,1,10,10,1
"1695",72,3,1,16,6,4,5,0
"1696",52,4,0,3,4,7,9,1
"1697",41,2,1,13,6,8,10,1
"1698",40,3,0,5,6,9,9,1
"1699",62,4,0,6,7,5,10,0
"1700",52,4,0,10,4,0,0,0
"1701",70,4,0,9,5,6,8,1
"1702",66,3,1,8,1,8,10,1
"1704",47,4,1,15,4,7,10,1
"1705",69,4,1,17,6,7,8,1
"1706",38,3,1,10,4,10,9,1
"1707",78,2,0,10,6,4,5,0
"1708",37,4,1,3,5,7,6,1
"1709",27,2,0,2,2,7,7,0
"1710",61,2,0,3,4,6,7,1
"1711",56,3,0,6,4,10,10,1
"1712",43,3,0,6,2,7,6,0
"1713",53,4,0,5,5,8,10,1
"1714",22,3,1,3,1,10,10,1
"1715",47,4,0,4,5,5,5,0
"1716",35,2,0,6,6,7,10,1
"1717",62,6,0,6,4,6,7,1
"1718",44,4,0,5,4,8,6,1
"1719",47,4,0,9,3,7,8,1
"1720",46,4,0,3,2,7,7,1
"1721",44,6,1,13,4,5,9,0
"1722",19,3,1,7,4,8,7,1
"1723",44,3,1,5,6,7,7,1
"1724",31,3,0,19,2,9,9,1
"1726",61,2,1,4,1,7,7,1
"1727",64,2,0,2,6,4,9,0
"1728",76,2,1,2,7,0,0,0
"1729",67,4,1,12,3,3,2,0
"1730",69,3,1,5,4,3,7,0
"1731",32,2,1,4,4,3,10,0
"1732",31,6,1,10,4,8,9,1
"1733",59,6,0,21,5,5,7,1
"1734",47,6,1,21,4,2,7,1
"1735",63,4,1,17,6,0,3,0
"1736",31,4,0,4,1,10,10,1
"1737",63,3,0,2,2,5,10,0
"1738",55,4,1,3,4,5,6,0
"1739",42,3,1,13,4,4,5,0
"1740",32,6,1,1,1,3,8,0
"1741",86,3,1,4,7,4,5,1
"1742",43,4,0,3,6,2,10,0
"1743",27,3,0,3,4,8,5,1
"1744",52,4,1,2,4,6,6,1
"1745",57,5,0,18,4,7,6,1
"1746",36,3,0,1,6,4,1,1
"1747",65,4,1,7,1,5,4,1
"1749",31,3,0,4,1,10,8,1
"1750",75,4,0,5,6,3,7,0
"1751",27,3,1,3,7,8,7,1
"1752",38,3,0,3,4,10,10,1
"1753",71,2,0,5,4,7,9,1
"1754",36,4,0,7,2,6,9,1
"1755",64,4,1,6,4,8,10,1
"1756",46,4,0,4,1,4,10,1
"1757",58,2,1,2,2,10,10,1
"1758",47,4,1,14,7,1,0,0
"1759",36,2,1,10,6,9,9,1
"1760",40,3,0,12,4,7,10,1
"1761",22,4,0,2,3,5,7,1
"1762",54,3,0,11,4,10,10,1
"1763",35,7,1,7,5,10,9,1
"1764",35,3,0,3,1,6,7,0
"1765",28,3,0,1,3,6,7,1
"1766",33,3,1,6,4,10,10,1
"1767",28,6,0,10,2,10,9,1
"1768",28,6,1,21,1,9,10,1
"1769",80,7,1,11,3,6,6,1
"1770",27,3,1,15,4,8,10,0
"1771",79,2,1,2,5,9,9,1
"1772",34,4,1,10,5,3,4,0
"1774",21,3,1,3,3,7,10,1
"1775",44,3,1,6,2,4,7,0
"1776",74,7,1,14,1,10,8,1
"1777",21,3,0,1,5,6,6,0
"1778",52,6,1,21,2,2,2,0
"1779",64,6,1,13,5,6,5,1
"1780",51,3,0,3,2,7,8,1
"1781",44,2,0,6,4,3,4,0
"1782",54,4,0,2,1,10,10,1
"1783",41,3,0,9,4,8,8,1
"1784",23,3,0,2,2,0,6,0
"1785",50,4,0,4,4,7,6,1
"1786",73,3,0,15,1,10,10,1
"1787",75,2,0,8,4,0,10,0
"1788",28,4,0,9,6,2,4,0
"1789",30,2,0,6,2,7,6,1
"1790",68,2,0,5,7,2,7,0
"1791",65,4,0,8,4,0,0,0
"1792",65,5,1,1,6,2,0,0
"1793",41,4,1,7,4,10,10,1
"1794",64,2,0,2,7,10,5,1
"1795",58,4,1,3,2,7,8,1
"1796",30,2,1,5,2,10,9,1
"1797",32,3,1,3,4,7,9,1
"1798",25,3,1,1,7,9,9,1
"1799",52,3,1,3,6,3,6,0
"1800",36,3,0,8,2,10,10,1
"1801",52,6,1,7,4,9,10,1
"1802",59,4,1,15,1,10,10,1
"1803",25,6,1,5,4,8,10,0
"1804",19,2,1,8,4,0,7,0
"1805",19,3,0,13,3,8,9,1
"1806",31,7,0,4,4,9,9,1
"1807",89,2,1,15,5,7,4,0
"1808",68,4,1,4,4,6,6,1
"1809",49,4,0,6,3,8,7,1
"1810",63,6,1,12,2,10,10,1
"1811",54,4,1,7,5,7,7,0
"1812",34,4,0,2,5,4,9,0
"1813",30,6,0,8,2,9,8,1
"1815",78,2,0,4,5,4,8,0
"1816",71,5,1,3,7,3,5,0
"1817",53,3,1,2,5,6,7,1
"1818",50,3,1,5,5,1,1,0
"1819",31,4,1,9,6,6,9,1
"1821",46,3,0,11,1,8,8,1
"1822",67,5,1,5,7,5,3,1
"1823",21,3,0,4,4,8,9,1
"1824",18,3,0,1,5,6,9,1
"1825",65,3,0,14,2,7,2,0
"1826",53,3,1,5,1,8,10,1
"1827",36,6,1,10,4,5,7,1
"1828",29,3,1,9,4,5,8,1
"1829",28,4,0,5,4,7,8,1
"1830",52,4,1,9,6,10,10,0
"1831",27,4,0,6,1,5,8,1
"1832",48,3,0,5,5,10,10,1
"1833",20,2,0,3,3,7,8,1
"1834",26,4,0,8,4,9,8,1
"1835",51,3,0,9,1,10,9,1
"1836",58,3,0,3,4,5,6,1
"1837",55,3,0,6,4,10,10,1
"1838",24,2,0,3,1,10,10,1
"1839",50,3,0,8,3,5,6,0
"1840",24,3,0,5,7,3,4,0
"1841",58,3,1,2,2,6,7,1
"1842",65,6,1,4,6,4,6,0
"1843",54,4,0,6,6,10,10,1
"1844",27,3,1,4,5,5,2,0
"1845",21,2,0,6,3,10,8,1
"1846",29,2,1,4,4,10,10,1
"1847",25,4,0,4,4,7,5,1
"1848",39,3,0,7,4,7,8,1
"1849",47,3,1,8,6,9,9,1
"1850",38,2,1,3,4,8,6,1
"1851",34,3,0,6,4,5,8,0
"1852",53,2,1,6,2,8,9,1
"1853",65,7,1,6,3,10,9,1
"1854",66,2,1,3,4,7,7,1
"1855",59,3,0,4,4,7,10,1
"1856",61,3,0,1,3,4,6,0
"1857",24,4,1,6,6,5,5,1
"1859",54,6,1,7,6,5,5,0
"1860",23,3,0,1,4,2,4,0
"1861",48,6,0,5,1,7,7,1
"1862",52,2,0,6,6,6,9,0
"1863",30,4,0,11,4,7,7,1
"1864",62,4,1,8,6,8,10,1
"1865",76,2,0,5,6,2,2,0
"1866",49,4,1,9,4,9,9,1
"1867",57,2,0,1,4,4,3,1
"1868",40,3,0,6,3,7,8,1
"1869",72,6,1,8,6,5,8,0
"1870",23,6,1,6,4,4,6,1
"1872",56,3,1,15,6,5,5,0
"1873",69,2,0,3,6,7,9,1
"1874",39,2,0,3,2,10,8,1
"1875",33,3,1,9,5,3,2,0
"1876",56,4,0,2,4,5,7,0
"1877",65,5,0,6,4,7,8,1
"1878",32,2,0,8,5,5,5,1
"1879",33,5,1,6,2,10,10,1
"1880",66,3,1,3,6,5,6,0
"1881",44,2,0,20,5,9,7,1
"1882",24,3,0,3,3,7,7,1
"1883",25,5,1,2,5,6,2,1
"1884",55,4,0,1,3,10,10,1
"1885",32,4,0,1,6,10,10,1
"1886",42,3,1,2,4,6,10,0
"1887",28,4,1,6,2,7,10,1
"1888",66,4,1,12,6,6,8,0
"1889",72,7,1,15,5,0,0,0
"1890",26,3,0,3,4,8,7,0
"1891",66,3,1,11,4,10,10,1
"1892",50,3,1,3,4,8,10,1
"1893",23,4,0,5,3,7,9,1
"1894",39,2,0,12,4,4,0,0
"1895",49,4,1,3,7,3,9,0
"1896",34,3,0,5,4,5,5,1
"1897",36,4,0,6,6,3,10,0
"1898",26,4,0,5,2,8,9,1
"1899",20,3,0,4,4,10,10,1
"1900",30,4,1,8,5,2,10,1
"1901",19,3,0,5,2,7,7,1
"1902",51,3,0,6,3,8,9,1
"1903",35,4,1,13,4,6,7,1
"1904",30,3,0,8,4,4,9,0
"1905",42,3,0,6,4,8,9,1
"1906",68,3,0,7,3,10,10,1
"1907",31,5,1,1,2,10,0,0
"1908",21,2,0,4,2,10,6,1
"1909",21,3,1,5,2,3,3,1
"1910",23,2,0,3,4,5,8,0
"1911",24,6,0,10,3,6,9,1
"1912",42,6,0,8,6,0,8,0
"1913",43,2,1,6,4,10,10,1
"1914",26,2,1,3,2,6,6,1
"1915",24,4,0,1,4,7,7,1
"1916",74,4,1,7,3,8,9,1
"1917",36,7,1,21,4,6,9,1
"1918",50,2,0,7,4,5,10,1
"1919",61,2,1,2,4,8,7,1
"1920",43,3,0,6,2,10,10,1
"1921",48,4,1,11,7,4,2,0
"1922",24,3,1,4,5,0,4,0
"1923",21,5,0,6,1,10,10,1
"1924",36,6,1,8,7,4,3,1
"1925",39,2,0,6,2,10,9,1
"1926",21,3,0,1,3,5,7,0
"1927",30,3,1,10,4,10,8,1
"1928",24,4,0,4,4,10,9,1
"1929",35,2,1,2,4,7,6,1
"1931",67,2,0,2,3,7,9,1
"1932",51,4,0,8,4,10,10,1
"1933",39,6,1,11,2,9,8,1
"1934",56,4,1,7,5,3,5,1
"1935",44,4,1,12,4,6,5,1
"1937",74,4,1,8,2,7,9,1
"1938",31,2,0,2,4,10,10,1
"1939",40,5,0,11,2,9,9,1
"1941",31,2,0,8,6,9,9,1
"1942",62,3,0,11,6,5,9,0
"1943",52,4,1,11,6,2,8,0
"1944",53,3,1,5,4,7,8,1
"1946",29,4,1,3,2,9,9,1
"1947",69,6,1,3,6,5,2,1
"1948",33,5,1,15,5,10,10,1
"1949",69,5,1,6,6,2,1,0
"1950",32,3,1,7,4,8,9,1
"1951",60,6,1,7,5,7,3,0
"1952",52,3,0,4,2,8,9,1
"1953",65,3,0,4,5,4,6,0
"1954",46,3,0,4,4,9,7,0
"1955",50,4,0,6,5,5,7,0
"1956",62,2,1,7,5,4,7,0
"1957",54,7,1,8,6,3,7,0
"1958",46,6,1,12,6,4,3,0
"1959",26,2,1,1,4,5,6,0
"1960",59,6,1,4,2,8,8,1
"1961",76,6,0,8,3,8,8,1
"1962",33,4,0,8,4,7,7,1
"1964",40,3,0,4,6,5,7,0
"1965",65,2,0,3,4,4,8,1
"1966",36,4,1,8,6,7,5,0
"1967",71,5,0,12,6,7,9,1
"1968",30,4,1,5,4,8,7,1
"1969",47,2,1,7,3,10,10,1
"1971",69,5,1,7,5,3,3,1
"1972",20,3,0,3,4,5,10,1
"1973",53,2,1,2,2,5,3,1
"1974",36,1,1,1,2,7,9,1
"1975",44,3,1,8,4,5,6,0
"1976",83,4,1,5,6,6,8,1
"1977",25,4,1,18,6,7,6,1
"1978",60,4,0,6,4,5,5,0
"1979",33,4,0,12,2,7,7,1
"1980",75,6,0,4,2,8,10,1
"1981",30,4,0,3,4,5,4,1
"1982",43,4,1,5,4,4,7,0
"1983",45,3,1,5,4,8,8,1
"1984",26,3,0,5,4,2,9,0
"1985",27,1,0,1,4,7,9,1
"1986",70,6,1,15,5,3,6,0
"1987",57,2,0,2,4,5,8,1
"1988",78,4,1,3,4,0,0,0
"1989",47,2,1,1,6,3,8,0
"1990",51,4,1,7,4,10,7,1
"1991",30,3,1,1,4,10,6,1
"1992",49,6,1,7,5,0,1,0
"1993",66,2,1,3,3,5,8,1
"1994",48,2,1,1,2,10,10,1
"1995",20,3,0,4,3,5,7,0
"1996",21,3,1,2,4,10,10,1
"1997",62,6,0,6,6,6,5,0
"1998",68,7,1,12,1,8,9,1
"1999",33,2,0,2,4,9,10,1
"2000",45,5,1,20,4,7,8,1
"2001",35,5,0,2,6,6,9,0
"2002",63,4,1,8,5,8,7,1
"2003",27,6,0,13,2,10,10,1
"2004",36,4,0,5,4,10,10,1
"2005",23,3,0,4,4,10,10,1
"2006",39,4,0,2,6,6,10,0
"2007",44,2,1,1,4,10,10,1
"2008",61,3,0,3,5,10,10,1
"2009",37,4,0,9,4,3,5,0
"2010",53,3,1,1,4,10,10,1
"2011",53,3,1,4,4,5,10,1
"2012",55,4,0,4,4,5,7,1
"2013",26,3,1,6,4,7,9,0
"2014",33,3,0,4,2,6,10,1
"2015",51,3,1,3,4,9,4,1
"2016",36,2,0,1,4,5,7,1
"2017",54,6,1,7,6,7,7,0
